226md,0
22d5n,1
2356g,2
23mdg,3
23n88,4
243mm,5
244e2,6
245y5,7
24f6w,8
24pew,9
25257,10
253dc,11
25egp,12
25m6p,13
25p2m,14
25w53,15
264m5,16
268g2,17
28348,18
28x47,19
2b827,20
2bg48,21
2cegf,22
2cg58,23
2cgyx,24
2en7g,25
2enf4,26
2fxgd,27
2g783,28
2g7nm,29
2gyb6,30
2mg87,31
2mpnn,32
2n73f,33
2nbcx,34
2nf26,35
2npg6,36
2nx38,37
2p2y8,38
2pfpn,39
2w4y7,40
2wc38,41
2wx73,42
2x7bm,43
2xc2n,44
2ycn8,45
2yggg,46
325fb,47
32cnn,48
32dnn,49
33b22,50
33f7m,51
33n73,52
33ng4,53
33p4e,54
34b84,55
34fxm,56
34pcn,57
368y5,58
36bc2,59
36nx4,60
36w25,61
373gb,62
377xx,63
378e5,64
37d52,65
37ep6,66
387g2,67
38n57,68
3b4we,69
3bd8f,70
3bfnd,71
3bnyf,72
3bx86,73
3cpwb,74
3d7bd,75
3den6,76
3dgmf,77
3ebnn,78
3ebpw,79
3eny7,80
3fbxd,81
3g2w6,82
3mxdn,83
3n2b4,84
3n3cf,85
3n7mx,86
3ndxd,87
3nfdn,88
3nnpw,89
3nw7w,90
3ny45,91
3p4nn,92
3p67n,93
3pe4g,94
3w2bw,95
3wnd3,96
3x325,97
3x5fm,98
3xcgg,99
3xng6,100
3ye2e,101
3ygde,102
3ym7f,103
428b6,104
42dw4,105
42nxy,106
42xpy,107
43gey,108
43mn5,109
43p5d,110
43xfe,111
4433m,112
445cc,113
44c22,114
44fyb,115
44xe8,116
44ype,117
467d5,118
46mbm,119
4743p,120
474ff,121
478nx,122
47e4p,123
47m2b,124
488de,125
4b2pw,126
4c8n8,127
4cfw8,128
4cn7b,129
4d22m,130
4dgf7,131
4dw3w,132
4egem,133
4exnn,134
4f8yp,135
4fc36,136
4fp5g,137
4gb3f,138
4gycb,139
4m2w5,140
4n2yg,141
4n3mn,142
4nc37,143
4nnf3,144
4w6mw,145
4w76g,146
4yc85,147
4ycex,148
4ynf3,149
52447,150
5325m,151
537nf,152
53mn8,153
53wb8,154
53wp3,155
556wd,156
55w5c,157
55y2m,158
56c34,159
56m6y,160
56ncx,161
573bn,162
573d8,163
574d7,164
57b27,165
57gnx,166
57wdp,167
58b5m,168
58pnp,169
5bb66,170
5bg8f,171
5bgp2,172
5bnd7,173
5dxnm,174
5ep3n,175
5expp,176
5f3gf,177
5fyem,178
5g5e5,179
5gcd3,180
5mcy7,181
5mf7c,182
5mfff,183
5mgn4,184
5mnpd,185
5n245,186
5n3w4,187
5n728,188
5n732,189
5ng6e,190
5nggg,191
5nm6d,192
5nnff,193
5np4m,194
5npdn,195
5nxnn,196
5p3mm,197
5p8fm,198
5pm6b,199
5wddw,200
5x5nx,201
5x7x5,202
5xd2e,203
5xwcg,204
5ywwf,205
5yxgp,206
62nb3,207
63824,208
63pxe,209
646x8,210
64b3p,211
64m82,212
658xe,213
65ebm,214
65m85,215
662bw,216
664dn,217
664nf,218
66wp5,219
675p3,220
677g3,221
678w3,222
67dey,223
6825y,224
68wfd,225
68x48,226
6b46g,227
6b4w6,228
6bdn5,229
6bnnm,230
6bxwg,231
6c3n6,232
6c3p5,233
6cm6m,234
6cwxe,235
6dd2y,236
6dmx7,237
6e2dg,238
6e554,239
6e6pn,240
6ecbn,241
6end3,242
6f2yc,243
6f857,244
6fg8c,245
6fgdw,246
6fn84,247
6g45w,248
6ge3p,249
6gnm3,250
6m5eg,251
6mege,252
6mn8n,253
6mygb,254
6n443,255
6n5fd,256
6n6gg,257
6ng6n,258
6ng6w,259
6p2ge,260
6p7gx,261
6pfy4,262
6pwcn,263
6wb76,264
6wg4n,265
6wnyc,266
6xen4,267
6xpme,268
6xxdx,269
6ydyp,270
728n8,271
72m6f,272
73mnx,273
74853,274
74eyg,275
75pfw,276
7634y,277
76353,278
76n7p,279
76nxn,280
76y6f,281
77387,282
77n6g,283
77wp4,284
785n4,285
78eec,286
7b4bm,287
7bb7b,288
7bwm2,289
7cdge,290
7cgym,291
7d44m,292
7dgc2,293
7dwx4,294
7dxbd,295
7dyww,296
7e2y7,297
7f8b3,298
7fde7,299
7fmcy,300
7g3nf,301
7gce6,302
7gmf3,303
7gnge,304
7gp47,305
7m8px,306
7mgmf,307
7nnnx,308
7p852,309
7pcd7,310
7pn5g,311
7w67m,312
7wn74,313
7wnpm,314
7wyp4,315
7xcyd,316
7xd5m,317
7y2x4,318
7yf62,319
823p2,320
82fx2,321
832f3,322
84w7x,323
85622,324
85dxn,325
865wm,326
8684m,327
87d4c,328
87nym,329
88bgx,330
88y52,331
8b735,332
8bbm4,333
8bbw8,334
8c23f,335
8c2wy,336
8cccc,337
8cm46,338
8d2nd,339
8d4wm,340
8d8ep,341
8db67,342
8e32m,343
8eggg,344
8fexn,345
8g4yp,346
8gecm,347
8gf7n,348
8gmc4,349
8gmnx,350
8n2pg,351
8n34n,352
8n4n8,353
8n56m,354
8n5p3,355
8n5pn,356
8n62n,357
8n65n,358
8nbew,359
8ne4g,360
8nn73,361
8np22,362
8npd5,363
8npe3,364
8pfxx,365
8w754,366
8w875,367
8wy7d,368
8xef7,369
8y63f,370
8y6b3,371
8ypdn,372
b26nd,373
b28g8,374
b2g8e,375
b2nen,376
b35f6,377
b3xpn,378
b43nw,379
b4d7c,380
b4ncn,381
b4y5x,382
b55d6,383
b5dn4,384
b5fm7,385
b5nmm,386
b5pnn,387
b685n,388
b6f2p,389
b84xc,390
bbymy,391
bc8nf,392
bcwnn,393
bd3b7,394
bdbb3,395
bdg84,396
be3bp,397
be6np,398
befbd,399
bf52c,400
bgb48,401
bgd4m,402
bgem5,403
bm3p8,404
bmxpe,405
bn5mw,406
bnc2f,407
bnc5f,408
bny23,409
bny4w,410
bp2d4,411
bp6mw,412
bpwd7,413
bw44w,414
bw5nf,415
bw5ym,416
bw6n6,417
bwmee,418
bxxfc,419
by5y3,420
byc82,421
byfgn,422
c2fb7,423
c2g4d,424
c2pg6,425
c2yn8,426
c353e,427
c3572,428
c3n8x,429
c43b4,430
c4527,431
c482b,432
c4bgd,433
c4bny,434
c4mcm,435
c55c6,436
c5xne,437
c6745,438
c6f8g,439
c6we6,440
c753e,441
c7gb3,442
c7nn8,443
c86md,444
c8fxy,445
c8n8c,446
cb8cf,447
cc845,448
ccf2w,449
ccn2x,450
cd4eg,451
cd6p4,452
cdcb3,453
cdf77,454
cdfen,455
cdmn8,456
cen55,457
cewnm,458
cfc2y,459
cfc56,460
cffp4,461
cfn53,462
cfp86,463
cfw6e,464
cg5dd,465
cgcgb,466
cm6yb,467
cnex4,468
cnmnn,469
cnwyc,470
cpc8c,471
cpe63,472
cwdnx,473
cwgyx,474
cwmny,475
cx3wg,476
cy3nw,477
d22bd,478
d22n7,479
d22y5,480
d236n,481
d2nbn,482
d2ycw,483
d378n,484
d3c7y,485
d3c8y,486
d3ycn,487
d4n82,488
d4ppy,489
d666m,490
d66cn,491
d6fcn,492
d75b5,493
d7c5x,494
d7en3,495
d7nn3,496
d8dce,497
d8xcn,498
dbex3,499
dbfen,500
dbny3,501
dbpcd,502
dc436,503
dce8y,504
dcnp8,505
dd5w5,506
dd764,507
ddcdd,508
ddcne,509
ddmyg,510
ddnpf,511
ddpyb,512
de45x,513
de7f8,514
deep5,515
defyx,516
deneb,517
dfnx4,518
dmw8n,519
dmx8p,520
dmxp8,521
dn26n,522
dn2ym,523
dn5df,524
dnmd8,525
dnne7,526
dnxdp,527
dpbyd,528
dw3nn,529
dw6mn,530
dw8d3,531
dxwcw,532
dy3cx,533
dyp7n,534
dyxnc,535
e25xg,536
e2d66,537
e2mg2,538
e3ndn,539
e43ym,540
e46pd,541
e46yw,542
e4gd7,543
e5n66,544
e667x,545
e6b7y,546
e6m6p,547
e72cd,548
e76n4,549
e7nx4,550
e7x45,551
e84n2,552
e8dxn,553
e8e5e,554
ebcbx,555
ec6pm,556
ecd4w,557
edg3p,558
edwny,559
ee8fg,560
een23,561
ef4mn,562
ef4np,563
efb3f,564
efe62,565
efg72,566
efgx5,567
efx34,568
egxmp,569
emwpn,570
en32e,571
en4n4,572
eng53,573
enn7n,574
ennmm,575
enpw2,576
ep85x,577
eppg3,578
ewcf5,579
ewnx8,580
excmn,581
exycn,582
f228n,583
f22bn,584
f2fge,585
f2m8n,586
f35xp,587
f364x,588
f4fn2,589
f4wfn,590
f5cm2,591
f5e5e,592
f6ne5,593
f6ww8,594
f74x3,595
f753f,596
f75cx,597
f7cey,598
f83pn,599
f858x,600
f85y3,601
f8f8g,602
fbp2c,603
fc2ff,604
fc6xb,605
fcey3,606
fcmem,607
fcne6,608
fdpgd,609
feyc8,610
ffd6p,611
ffnxn,612
ffpxf,613
fg38b,614
fg7mg,615
fg8n4,616
fnbfw,617
fncnb,618
fp382,619
fp3wy,620
fp5wn,621
fp762,622
fpw76,623
fw3b2,624
fwxdp,625
fxpw3,626
fy2nd,627
fyfbn,628
fywb8,629
g247w,630
g2577,631
g2fnw,632
g3dy6,633
g3ex3,634
g55b4,635
g6n7x,636
g78gn,637
g7fmc,638
g7gnf,639
g7wxw,640
g842c,641
g888x,642
g8gnd,643
gbxyy,644
gc277,645
gc2wd,646
gc83b,647
gcfgp,648
gcx6f,649
gd4mf,650
gd8fb,651
gdng3,652
gecmf,653
gegw4,654
gewfy,655
gf2g4,656
gfbx6,657
gfp54,658
gfxcc,659
ggd7m,660
gm2c2,661
gm6nn,662
gm7n8,663
gn2d3,664
gn2xy,665
gnbde,666
gnbn4,667
gnc3n,668
gnf85,669
gng6e,670
gny6b,671
gp22x,672
gp7c5,673
gpnxn,674
gpxng,675
gw468,676
gw53m,677
gwn53,678
gwnm6,679
gxx2p,680
gxxpf,681
gy433,682
gy5bf,683
gy8xb,684
gymmn,685
m22e3,686
m23bp,687
m2576,688
m2nf4,689
m3588,690
m3b5p,691
m3wfw,692
m448b,693
m457d,694
m4fd8,695
m4g8g,696
m5meg,697
m5ym2,698
m67b3,699
m6n4x,700
m74dm,701
m75bf,702
m8gmx,703
m8m4x,704
mb4en,705
mbf58,706
mbp2y,707
mc35n,708
mc8w2,709
mcc2x,710
mcg43,711
mcyfx,712
md344,713
mddgb,714
mdxpn,715
mdyp7,716
men4f,717
mfb3x,718
mfc35,719
mg5nn,720
mgdwb,721
mggce,722
mgw3n,723
mm3nn,724
mmc5n,725
mmfm6,726
mmg2m,727
mmg38,728
mmy5n,729
mn5c4,730
mnef5,731
mp7wp,732
mpmy5,733
mpxfb,734
mw5p2,735
mwdf6,736
mwxwp,737
mx8bb,738
mxnw4,739
mxyxw,740
my84e,741
myc3c,742
mye68,743
myf82,744
n265y,745
n2by7,746
n2gmg,747
n336e,748
n373n,749
n3bm6,750
n3ffn,751
n3m6x,752
n3x4c,753
n464c,754
n4b4m,755
n4cpy,756
n4wwn,757
n4xx5,758
n5cm7,759
n5n8b,760
n5w5g,761
n5wbg,762
n5x2n,763
n6f4b,764
n6nn2,765
n6xc5,766
n7dyb,767
n7ebx,768
n7enn,769
n7ff2,770
n7g4f,771
n7meb,772
n8fp6,773
n8pfe,774
n8ydd,775
nb267,776
nb45d,777
nbcgb,778
nbf8m,779
nbfx5,780
nbmx7,781
nbp3e,782
nbwnn,783
nbwpn,784
nc4yg,785
ncfgb,786
ncw4g,787
ncww7,788
ncyx8,789
nd5wg,790
ndecc,791
ndg2b,792
ndme7,793
ndyfe,794
ne325,795
neecd,796
neggn,797
nf2n8,798
nf7bn,799
nf8b8,800
nfbg8,801
nfcb5,802
nfcwy,803
nfd8g,804
nfg23,805
nfndw,806
ng2gw,807
ng46m,808
ng6yp,809
ng756,810
ngn26,811
nm248,812
nm46n,813
nmw46,814
nmy2x,815
nn4wx,816
nn6mg,817
nnf8b,818
nnfx3,819
nngxc,820
nnn57,821
nnn5p,822
nnp4e,823
nny5e,824
npxb7,825
nw5b2,826
nwfde,827
nwg2m,828
nwncn,829
nxc83,830
nxcmn,831
nxn4f,832
nxx25,833
nxxf8,834
ny3dw,835
ny3nn,836
ny5dp,837
ny8np,838
nybcx,839
p24gn,840
p2dw7,841
p2m6n,842
p2x7x,843
p2ym2,844
p4nm4,845
p4pde,846
p57fn,847
p5g5m,848
p5nce,849
p6mn8,850
p7fyp,851
p8c24,852
p8ngx,853
p8wwf,854
pbpgc,855
pcede,856
pcm7f,857
pcpg6,858
pdcp4,859
pdw38,860
pdyc8,861
pe4xn,862
pf4nb,863
pf5ng,864
pg2pm,865
pg2yx,866
pg4bf,867
pgg3n,868
pgm2e,869
pgmn2,870
pgwnp,871
pm363,872
pm47f,873
pmd3w,874
pme86,875
pmf5w,876
pmg55,877
pn7pn,878
pnmxf,879
pnnwy,880
pp546,881
pp87n,882
ppwyd,883
ppx77,884
pw5nc,885
pwebm,886
pwmbn,887
pwn5e,888
px2xp,889
px8n8,890
pxdwp,891
pxne8,892
pybee,893
pyefb,894
pyf65,895
pym7p,896
w2e87,897
w2n7e,898
w2yp7,899
w46ep,900
w48cw,901
w4cdc,902
w4cnn,903
w4nfx,904
w4x2m,905
w52fn,906
w6pxy,907
w6yne,908
w75w8,909
w7e6m,910
w8bnx,911
w8f36,912
wb3ed,913
wbncw,914
wc2bd,915
wce5n,916
wd2gb,917
wddcp,918
wdww8,919
wecfd,920
wf684,921
wfy5m,922
wg625,923
wgnwp,924
wm47f,925
wm746,926
wmpmp,927
wnmyn,928
wnpec,929
wwmn6,930
wxcn8,931
wxy4n,932
wyc25,933
wye85,934
x277e,935
x2cnn,936
x347n,937
x362g,938
x37bf,939
x38fn,940
x3deb,941
x3fwf,942
x44n4,943
x458w,944
x4f7g,945
x4gg5,946
x4pnp,947
x5f54,948
x5nyn,949
x6b5m,950
x6pdb,951
x7422,952
x74b2,953
x7547,954
x76mn,955
x7746,956
x775w,957
x8e8n,958
x8xnp,959
xbcbx,960
xbem6,961
xc68n,962
xce8d,963
xcf88,964
xcmbp,965
xdcn4,966
xdn65,967
xe6eb,968
xe8xm,969
xemyg,970
xf4p4,971
xf5g7,972
xfg65,973
xfgxb,974
xfn6n,975
xgcxy,976
xmcym,977
xnd3y,978
xnfx5,979
xngxc,980
xnn4d,981
xnnc3,982
xp24p,983
xw465,984
xwx7d,985
xxbm5,986
xxney,987
xxw44,988
xymfn,989
xyncc,990
xyyyw,991
y2436,992
y2xg4,993
y2ye8,994
y32yy,995
y33nm,996
y3c58,997
y48c3,998
y4ec2,999
y4g3b,1000
y4n6m,1001
y53c2,1002
y5dpp,1003
y5g87,1004
y5n6d,1005
y5w28,1006
y7d75,1007
y7mnm,1008
y7x8p,1009
y866y,1010
ybfx6,1011
ycmcw,1012
ycnfc,1013
yd38e,1014
yd3m3,1015
yd755,1016
ydd3g,1017
ydg8n,1018
yemy4,1019
yew6p,1020
yeyn4,1021
yf28d,1022
yf347,1023
yf424,1024
yfdn7,1025
yg5bb,1026
ygenn,1027
ygfwe,1028
ymp7g,1029
ypp8f,1030
ypw3d,1031
yw667,1032
yw7ny,1033
ywn6f,1034
yx2d4,1035
yxd7m,1036
yy824,1037
yyg5g,1038
yyn57,1039
